{"cameraMode":{"drawMode":0,"name":"Shaded","section":"Shading Mode"},"sceneLighting":true,"audioPlay":false,"sceneViewState":{"showFog":true,"showMaterialUpdate":false,"showSkybox":true,"showFlares":true,"showImageEffects":true,"showParticleSystems":true},"in2DMode":false,"pivot":{"x":0.34088134765625,"y":-0.7001953125,"z":0.533203125},"rotation":{"x":0.260333776473999,"y":0.014482139609754086,"z":-0.0039053105283528568,"w":0.9654021859169006},"size":16.552024841308595,"orthographic":true}